order_id,date,customer_id,customer_name,city,product,category,quantity,price,revenue,payment_method
1,2025-08-18,2093,YODSB,Bangalore,Lamp,Home,3,77.49,232.47,Debit Card
2,2025-03-03,3128,PUJVO,Delhi,Mouse,Electronics,5,54.53,272.65,Debit Card
3,2025-02-03,4895,QLQKQ,Bangalore,Laptop,Electronics,3,165.4,496.2,Credit Card
4,2025-09-22,1444,HDQAJ,Hyderabad,Comics,Books,1,160.31,160.31,Credit Card
5,2025-08-03,8381,JICPE,Chennai,Chair,Home,3,191.53,574.59,Credit Card
6,2025-04-28,7820,CYDTS,Mumbai,Jacket,Clothing,4,157.25,629.0,Credit Card
7,2025-07-20,7936,ZYUNK,Hyderabad,Comics,Books,1,92.59,92.59,Credit Card
8,2025-12-16,5031,OUSSI,Hyderabad,Novel,Books,3,115.02,345.06,Cash
9,2025-12-15,4360,LSFKA,Delhi,Cricket Bat,Sports,5,150.53,752.65,Credit Card
10,2025-03-11,3424,GRWYQ,Chennai,T-Shirt,Clothing,1,126.76,126.76,Cash
11,2025-03-07,4053,SNSHP,Bangalore,Cricket Bat,Sports,3,29.19,87.57,Cash
12,2025-07-16,2472,QMMMQ,Bangalore,Football,Sports,5,188.0,940.0,Debit Card
13,2025-10-24,1548,JFVRA,Hyderabad,Comics,Books,1,70.49,70.49,UPI
14,2025-07-24,1870,PTIBU,Delhi,Laptop,Electronics,3,144.11,432.33,Cash
15,2025-08-06,1420,FWWBG,Bangalore,Mouse,Electronics,2,172.86,345.72,Cash
16,2025-05-01,5750,CXWWX,Mumbai,Mixer,Home,2,35.62,71.24,Debit Card
17,2025-03-12,6738,MVGCI,Bangalore,Football,Sports,4,73.41,293.64,Credit Card
18,2025-06-14,8626,RHXPW,Chennai,Jeans,Clothing,1,41.45,41.45,Debit Card
19,2025-02-02,4649,JLHLB,Chennai,Comics,Books,2,37.13,74.26,UPI
20,2025-12-09,5570,VETNL,Hyderabad,Football,Sports,3,196.14,588.42,Debit Card
21,2025-08-09,6527,EUNDQ,Hyderabad,Novel,Books,4,170.37,681.48,UPI
22,2025-12-26,2501,UASOC,Delhi,Jeans,Clothing,2,162.14,324.28,UPI
23,2025-08-06,1730,NEDMN,Mumbai,Mixer,Home,1,92.7,92.7,Credit Card
24,2025-05-04,5078,JYFEV,Chennai,Chair,Home,3,97.5,292.5,UPI
25,2025-02-05,9408,ZLBFB,Chennai,Cricket Bat,Sports,1,26.89,26.89,Debit Card
26,2025-10-14,4579,LBGEE,Delhi,Football,Sports,3,18.91,56.73,Debit Card
27,2025-09-06,9747,JFLOL,Hyderabad,Comics,Books,3,175.22,525.66,Cash
28,2025-04-17,5753,CGWWE,Bangalore,Football,Sports,3,51.54,154.62,Debit Card
29,2025-04-13,8649,DOZEI,Bangalore,Lamp,Home,1,155.17,155.17,Debit Card
30,2025-07-05,5703,AJXEE,Delhi,Laptop,Electronics,2,19.05,38.1,Credit Card
31,2025-11-08,5891,OUENL,Hyderabad,Cricket Bat,Sports,5,175.98,879.9,Debit Card
32,2025-03-23,8643,DGDLN,Delhi,Jeans,Clothing,5,141.4,707.0,Credit Card
33,2025-03-08,1961,VXJHL,Mumbai,Comics,Books,4,41.41,165.64,UPI
34,2025-11-18,5484,ESVZD,Delhi,Cricket Bat,Sports,1,198.82,198.82,Debit Card
35,2025-12-16,9223,GMNOK,Bangalore,Comics,Books,5,153.35,766.75,UPI
36,2025-09-14,3427,VGNEY,Delhi,Cricket Bat,Sports,1,113.41,113.41,Debit Card
37,2025-12-24,2307,LDUDV,Bangalore,Novel,Books,3,146.0,438.0,Debit Card
38,2025-05-10,1478,RUBIM,Chennai,Chair,Home,5,21.7,108.5,Credit Card
39,2025-09-21,3113,CGVCA,Delhi,Mixer,Home,4,92.31,369.24,Credit Card
40,2025-04-13,7047,LJRWC,Chennai,Lamp,Home,5,188.33,941.65,Debit Card
41,2025-07-07,6914,SSBQZ,Mumbai,Comics,Books,2,190.16,380.32,Credit Card
42,2025-10-18,1538,EKIOZ,Bangalore,Football,Sports,4,120.48,481.92,UPI
43,2025-01-20,9351,ZSQWD,Bangalore,Mixer,Home,2,57.59,115.18,UPI
44,2025-04-13,8316,PUUVU,Delhi,Lamp,Home,2,184.36,368.72,Debit Card
45,2025-06-17,7373,LMGOC,Chennai,Football,Sports,5,73.12,365.6,Debit Card
46,2025-06-14,2508,NGWHM,Delhi,Cricket Bat,Sports,4,13.77,55.08,Debit Card
47,2025-07-08,2159,CNEOJ,Mumbai,Novel,Books,5,29.26,146.3,Debit Card
48,2025-04-15,7642,OOZXG,Mumbai,Football,Sports,1,131.13,131.13,Credit Card
49,2025-08-13,2904,ESBNO,Mumbai,Novel,Books,3,27.89,83.67,Debit Card
50,2025-02-10,9850,KKDGY,Mumbai,Cricket Bat,Sports,1,148.29,148.29,UPI
51,2025-12-14,1335,PPCVZ,Chennai,Novel,Books,5,96.9,484.5,Cash
52,2025-05-26,6158,SOMQF,Chennai,Jeans,Clothing,4,184.78,739.12,UPI
53,2025-07-27,2971,KJPZZ,Mumbai,Comics,Books,4,170.44,681.76,Cash
54,2025-04-13,7564,GNXAW,Delhi,Comics,Books,4,133.83,535.32,Debit Card
55,2025-11-03,1743,NZRFG,Bangalore,Cricket Bat,Sports,1,103.6,103.6,Credit Card
56,2025-04-21,4460,UUAGZ,Bangalore,Comics,Books,2,161.87,323.74,Debit Card
57,2025-05-06,7154,AFWGV,Bangalore,Lamp,Home,4,28.91,115.64,Cash
58,2025-01-13,4897,MPBKM,Bangalore,Mixer,Home,1,64.98,64.98,Debit Card
59,2025-11-27,6841,AIUEI,Chennai,Comics,Books,3,180.41,541.23,Cash
60,2025-01-17,6815,EIFFD,Bangalore,Football,Sports,3,44.85,134.55,Cash
61,2025-06-05,4971,QPGSS,Bangalore,Laptop,Electronics,1,165.43,165.43,Cash
62,2025-05-09,7114,NXDWW,Delhi,Novel,Books,2,83.6,167.2,Debit Card
63,2025-04-03,4284,WKRSS,Chennai,Jeans,Clothing,5,153.96,769.8,Credit Card
64,2025-08-18,2252,PKOFC,Bangalore,Comics,Books,1,58.47,58.47,UPI
65,2025-11-25,8673,WRBGQ,Bangalore,Chair,Home,4,143.01,572.04,Cash
66,2025-12-17,1999,SQEQD,Mumbai,Mouse,Electronics,3,88.77,266.31,Cash
67,2025-01-04,2483,UUKYD,Hyderabad,Chair,Home,3,39.36,118.08,UPI
68,2025-12-02,1577,HQWRD,Chennai,Football,Sports,5,188.59,942.95,Credit Card
69,2025-01-06,4376,PDBCF,Chennai,Novel,Books,2,12.27,24.54,Credit Card
70,2025-04-26,9469,IZMFO,Chennai,Laptop,Electronics,4,61.61,246.44,Credit Card
71,2025-02-17,8050,CPHKW,Bangalore,Novel,Books,3,55.96,167.88,Credit Card
72,2025-08-05,2152,UKHJP,Delhi,Laptop,Electronics,5,90.96,454.8,Debit Card
73,2025-08-17,3113,GXIJE,Mumbai,Comics,Books,2,64.83,129.66,Cash
74,2025-10-15,1481,JLNIK,Hyderabad,Jacket,Clothing,2,167.55,335.1,Credit Card
75,2025-01-16,5948,UVVVX,Bangalore,Mouse,Electronics,5,84.79,423.95,UPI
76,2025-04-16,1489,DNJZZ,Delhi,Cricket Bat,Sports,5,163.06,815.3,UPI
77,2025-03-07,5006,CHOSM,Mumbai,Cricket Bat,Sports,3,45.56,136.68,Cash
78,2025-02-28,8138,TBANJ,Delhi,Novel,Books,1,90.7,90.7,UPI
79,2025-06-13,5661,ZERBP,Hyderabad,Mixer,Home,2,95.17,190.34,Debit Card
80,2025-10-10,9631,ZNIMN,Bangalore,Mixer,Home,5,198.34,991.7,Debit Card
81,2025-06-08,1320,DYNXR,Mumbai,Mouse,Electronics,5,165.96,829.8,Cash
82,2025-12-13,8071,WEPFQ,Chennai,Lamp,Home,5,103.23,516.15,Credit Card
83,2025-02-25,1627,WJHUL,Chennai,Laptop,Electronics,5,178.08,890.4,Credit Card
84,2025-12-08,2884,YOENX,Bangalore,T-Shirt,Clothing,2,162.99,325.98,Credit Card
85,2025-01-02,6975,XSQJP,Bangalore,Novel,Books,3,38.65,115.95,UPI
86,2025-08-28,2563,WLESQ,Chennai,Cricket Bat,Sports,3,158.84,476.52,Debit Card
87,2025-07-07,4626,CRKLX,Chennai,Comics,Books,4,172.14,688.56,Debit Card
88,2025-05-24,4558,HSLZX,Bangalore,Lamp,Home,2,50.66,101.32,Cash
89,2025-06-27,2693,LICVM,Delhi,Comics,Books,4,168.49,673.96,Credit Card
90,2025-06-18,9083,RKCPO,Chennai,Novel,Books,3,103.15,309.45,Credit Card
91,2025-12-16,3310,IAAKJ,Chennai,Mouse,Electronics,3,194.8,584.4,Credit Card
92,2025-09-10,8415,HLXGW,Bangalore,T-Shirt,Clothing,2,141.09,282.18,UPI
93,2025-03-05,6268,RPUMJ,Chennai,Cricket Bat,Sports,4,177.94,711.76,UPI
94,2025-05-01,7994,QOGAQ,Hyderabad,T-Shirt,Clothing,2,38.92,77.84,Credit Card
95,2025-10-27,7367,VONFG,Delhi,Cricket Bat,Sports,2,59.61,119.22,Cash
96,2025-12-01,2450,PRXIL,Delhi,Mixer,Home,3,55.68,167.04,Cash
97,2025-05-25,1060,HQDZI,Bangalore,Mixer,Home,1,151.4,151.4,Cash
98,2025-08-28,1118,LFEKX,Delhi,Mouse,Electronics,4,12.86,51.44,UPI
99,2025-09-02,7300,YYUMY,Bangalore,Novel,Books,2,30.37,60.74,UPI
100,2025-05-16,1651,UVRHR,Bangalore,Chair,Home,3,110.86,332.58,Credit Card
101,2025-12-11,9928,JBFYR,Chennai,Chair,Home,4,170.05,680.2,Credit Card
102,2025-04-05,5401,IJVEE,Hyderabad,Lamp,Home,5,89.04,445.2,Cash
103,2025-10-04,2473,LPBCQ,Delhi,Cricket Bat,Sports,4,45.56,182.24,Credit Card
104,2025-11-24,3688,FSGPN,Bangalore,Mouse,Electronics,1,174.95,174.95,Credit Card
105,2025-12-02,8289,HRKZY,Hyderabad,Chair,Home,3,20.61,61.83,UPI
106,2025-06-08,6137,WUDEV,Mumbai,Cricket Bat,Sports,5,165.28,826.4,Debit Card
107,2025-10-17,8867,LFIUI,Delhi,T-Shirt,Clothing,5,33.68,168.4,UPI
108,2025-09-05,6290,WURVU,Chennai,Comics,Books,4,188.53,754.12,Debit Card
109,2025-04-23,1618,BKYDG,Chennai,Jacket,Clothing,4,103.74,414.96,Debit Card
110,2025-03-24,7958,KZYBN,Chennai,Football,Sports,2,128.25,256.5,UPI
111,2025-08-16,2229,CKMJE,Mumbai,Comics,Books,2,111.18,222.36,Debit Card
112,2025-07-04,2064,TMKTL,Bangalore,Mouse,Electronics,1,198.09,198.09,Credit Card
113,2025-03-14,9157,ZWHIP,Mumbai,Jacket,Clothing,3,148.63,445.89,Cash
114,2025-01-15,4587,IJLBE,Hyderabad,Cricket Bat,Sports,3,25.96,77.88,UPI
115,2025-12-11,7810,LSISD,Mumbai,Laptop,Electronics,1,36.22,36.22,Debit Card
116,2025-01-24,6812,EAQTH,Delhi,Keyboard,Electronics,1,39.29,39.29,Debit Card
117,2025-12-17,9458,PUMMO,Bangalore,Jeans,Clothing,1,119.78,119.78,Cash
118,2025-05-17,4279,DZQMV,Delhi,Jacket,Clothing,5,139.19,695.95,Cash
119,2025-07-17,3536,ZYEMB,Chennai,Jeans,Clothing,3,126.89,380.67,Debit Card
120,2025-07-20,9610,MATTO,Delhi,Chair,Home,4,116.21,464.84,UPI
121,2025-04-10,8268,GJPHB,Chennai,Mixer,Home,1,185.24,185.24,Debit Card
122,2025-07-21,1999,IZZBV,Bangalore,Cricket Bat,Sports,5,60.09,300.45,UPI
123,2025-09-15,7906,BWJFK,Bangalore,Chair,Home,2,15.8,31.6,Debit Card
124,2025-02-08,2054,TTIQP,Hyderabad,Jacket,Clothing,4,40.48,161.92,UPI
125,2025-09-02,8718,LKISM,Chennai,Cricket Bat,Sports,1,170.76,170.76,Credit Card
126,2025-08-19,1718,UGLRK,Delhi,Comics,Books,1,75.74,75.74,UPI
127,2025-11-08,5009,FBZLY,Chennai,Novel,Books,3,163.39,490.17,Debit Card
128,2025-02-14,6901,NZAXS,Bangalore,T-Shirt,Clothing,4,144.63,578.52,Credit Card
129,2025-12-25,4158,NXDPO,Hyderabad,Mouse,Electronics,2,81.25,162.5,Cash
130,2025-10-08,8851,ZVYMO,Bangalore,Jeans,Clothing,4,185.96,743.84,Cash
131,2025-09-19,7205,BGONC,Delhi,Jacket,Clothing,4,110.05,440.2,Debit Card
132,2025-09-18,1522,FONFR,Hyderabad,Football,Sports,2,49.36,98.72,Credit Card
133,2025-12-19,1843,OOUSL,Delhi,Jeans,Clothing,3,22.18,66.54,Debit Card
134,2025-12-21,9754,CMNLU,Hyderabad,Jacket,Clothing,1,165.78,165.78,Debit Card
135,2025-01-11,6651,QHBED,Hyderabad,Cricket Bat,Sports,3,21.47,64.41,Cash
136,2025-03-20,1356,DYMTY,Bangalore,Cricket Bat,Sports,3,45.69,137.07,UPI
137,2025-09-28,4533,ARKGG,Hyderabad,Chair,Home,5,36.66,183.3,Credit Card
138,2025-10-02,3062,YIMNK,Hyderabad,Comics,Books,1,173.74,173.74,Debit Card
139,2025-12-07,3251,XKZOV,Delhi,Novel,Books,5,60.6,303.0,Debit Card
140,2025-11-24,2841,VNMKT,Chennai,T-Shirt,Clothing,4,97.62,390.48,Debit Card
141,2025-12-20,6418,LOMZE,Mumbai,Jeans,Clothing,2,146.93,293.86,Debit Card
142,2025-10-11,3959,CJTTN,Mumbai,Novel,Books,3,188.41,565.23,UPI
143,2025-02-04,4373,DRHZI,Hyderabad,Mixer,Home,4,23.89,95.56,Debit Card
144,2025-05-13,6911,FYZGF,Chennai,Comics,Books,5,100.38,501.9,Debit Card
145,2025-08-17,6027,FCBBC,Chennai,Novel,Books,4,102.92,411.68,Credit Card
146,2025-11-19,9771,DFBYT,Mumbai,Mixer,Home,3,180.0,540.0,Debit Card
147,2025-10-19,1112,ALDDY,Chennai,Mouse,Electronics,3,119.16,357.48,Credit Card
148,2025-10-19,1132,TWWEM,Delhi,Chair,Home,5,87.83,439.15,Cash
149,2025-11-12,9097,LVIDI,Hyderabad,Chair,Home,3,143.71,431.13,UPI
150,2025-06-18,3300,JNGPQ,Hyderabad,Mouse,Electronics,4,103.24,412.96,Credit Card
151,2025-07-04,8782,RYZGQ,Hyderabad,Mixer,Home,4,21.98,87.92,Debit Card
152,2025-12-14,6944,OKMQG,Delhi,Laptop,Electronics,3,194.46,583.38,Credit Card
153,2025-05-09,6717,DDWJU,Bangalore,Football,Sports,1,186.49,186.49,UPI
154,2025-12-14,2215,IVXEO,Mumbai,Cricket Bat,Sports,5,134.35,671.75,Cash
155,2025-03-01,2548,QJQAN,Delhi,Lamp,Home,5,10.04,50.2,Debit Card
156,2025-06-05,7188,EHTEW,Hyderabad,Jacket,Clothing,4,110.11,440.44,Debit Card
157,2025-02-10,1657,FMGQK,Chennai,Cricket Bat,Sports,1,109.55,109.55,UPI
158,2025-02-12,5772,KNWGQ,Hyderabad,Football,Sports,4,73.35,293.4,UPI
159,2025-01-19,6661,PYHGM,Bangalore,Laptop,Electronics,3,143.57,430.71,Credit Card
160,2025-11-07,5042,ZDZRP,Mumbai,Jeans,Clothing,3,49.38,148.14,UPI
161,2025-09-28,2733,GMKQT,Mumbai,Lamp,Home,4,141.68,566.72,Debit Card
162,2025-07-02,8978,JIZVN,Bangalore,Cricket Bat,Sports,4,39.07,156.28,Debit Card
163,2025-12-13,1803,OLURO,Hyderabad,Comics,Books,2,51.77,103.54,UPI
164,2025-05-25,7170,IIDXG,Bangalore,Jeans,Clothing,3,49.31,147.93,Cash
165,2025-05-04,9772,PAYJT,Hyderabad,Novel,Books,4,122.28,489.12,Credit Card
166,2025-04-02,2793,IOGXY,Hyderabad,Football,Sports,3,33.57,100.71,Cash
167,2025-10-23,5680,JZKNS,Delhi,Jeans,Clothing,4,156.34,625.36,Cash
168,2025-01-02,5162,OGDDC,Chennai,Laptop,Electronics,1,39.55,39.55,Credit Card
169,2025-02-07,4823,PWYJF,Mumbai,Mouse,Electronics,2,168.93,337.86,Credit Card
170,2025-03-11,9575,UFRVS,Hyderabad,Cricket Bat,Sports,3,15.36,46.08,Credit Card
171,2025-08-06,1738,IQNCR,Delhi,Football,Sports,3,121.68,365.04,Cash
172,2025-02-06,5592,WOVGO,Bangalore,Jacket,Clothing,2,113.04,226.08,Cash
173,2025-12-16,7956,LBWGW,Hyderabad,Laptop,Electronics,2,47.64,95.28,Debit Card
174,2025-10-14,7969,ZMCLK,Delhi,Comics,Books,4,117.14,468.56,UPI
175,2025-01-28,1373,AYART,Mumbai,Mixer,Home,4,83.56,334.24,Cash
176,2025-11-02,3350,EPCHJ,Mumbai,T-Shirt,Clothing,1,122.47,122.47,Cash
177,2025-04-23,4334,CKLPM,Bangalore,Cricket Bat,Sports,3,177.59,532.77,Credit Card
178,2025-03-08,6531,IPQGF,Chennai,Cricket Bat,Sports,2,52.48,104.96,UPI
179,2025-02-09,2182,JKKLS,Delhi,Mouse,Electronics,2,172.79,345.58,UPI
180,2025-01-17,7914,CKKRO,Hyderabad,Chair,Home,3,106.29,318.87,UPI
181,2025-06-11,7133,WUAOZ,Chennai,Laptop,Electronics,3,175.3,525.9,UPI
182,2025-01-03,8756,CONID,Hyderabad,Mouse,Electronics,5,37.3,186.5,UPI
183,2025-04-20,8220,RBMTA,Bangalore,Laptop,Electronics,3,170.35,511.05,Credit Card
184,2025-11-20,6316,ABLJV,Chennai,Mouse,Electronics,3,101.82,305.46,Cash
185,2025-09-20,1061,QPXFX,Chennai,Mouse,Electronics,5,153.72,768.6,Credit Card
186,2025-11-21,1664,ALGXN,Bangalore,T-Shirt,Clothing,3,39.19,117.57,Credit Card
187,2025-02-21,7194,NHZZO,Hyderabad,Football,Sports,5,56.63,283.15,UPI
188,2025-04-19,1442,MQEOI,Mumbai,Comics,Books,5,40.21,201.05,UPI
189,2025-07-04,6348,ONOIF,Delhi,Novel,Books,5,74.53,372.65,Credit Card
190,2025-10-09,1171,WTVVS,Bangalore,Football,Sports,3,88.33,264.99,Cash
191,2025-09-06,4897,ZJAKC,Chennai,Jacket,Clothing,5,54.91,274.55,UPI
192,2025-03-06,3172,HTSDY,Delhi,Lamp,Home,5,110.51,552.55,UPI
193,2025-09-27,4245,IWEBN,Mumbai,Keyboard,Electronics,5,193.22,966.1,Debit Card
194,2025-06-23,2442,DUARZ,Bangalore,Lamp,Home,1,182.35,182.35,Cash
195,2025-06-25,1643,GPXMQ,Bangalore,Mouse,Electronics,5,159.81,799.05,Credit Card
196,2025-03-04,5497,RBSXU,Bangalore,T-Shirt,Clothing,1,81.06,81.06,Credit Card
197,2025-12-26,8557,HADDB,Delhi,Comics,Books,3,17.14,51.42,Debit Card
198,2025-02-04,4867,HLSBD,Chennai,Mixer,Home,3,78.58,235.74,Cash
199,2025-01-05,9036,QJJJK,Chennai,Jacket,Clothing,2,10.8,21.6,UPI
200,2025-05-16,4206,HPBWK,Bangalore,Laptop,Electronics,1,62.21,62.21,Debit Card
